Aaronsburg,1091,40.89979000,-77.45332300
Abbottstown,3555,39.88648600,-76.98470100
Abington,17309,40.12407900,-75.11951000
Ackermanville,0,40.83926200,-75.21934500
Acme,2545,40.14749000,-79.42622200
Acosta,264,40.11035400,-79.06891600
Adah,1179,39.89646400,-79.92199600
Adamsburg,287,40.31173600,-79.65615300
Adamstown,960,40.24120300,-76.05633000
Adamsville,267,39.88287800,-76.62107800
Addison,681,39.74730000,-79.33920100
Adrian,1181,40.88567000,-79.53910800
Airville,2724,39.83327100,-76.40779100
Akron,4524,40.15676100,-76.20217400
Alba,0,41.70507400,-76.82829100
Albion,6261,41.89061100,-80.36645400
Albrightsville,4429,41.01453100,-75.60102200
Alburtis,4699,40.51092900,-75.60296500
Aleppo,398,39.82095000,-80.44232200
Alexandria,2678,40.55645800,-78.09778400
Aliquippa,34619,40.61613000,-80.26267800
Allenport,290,40.09812800,-79.84893400
Allensville,756,40.53583300,-77.81722200
Allentown,152315,40.60843000,-75.49018300
Allenwood,5807,41.10758200,-76.89829700
Allison,420,39.98979200,-79.86808000
Allison Park,24323,40.55944400,-79.95888900
Allport,0,40.96700100,-78.20140100
Altoona,65568,40.51868000,-78.39473500
Alum Bank,1873,40.18063300,-78.61362900
Alverda,272,40.63034500,-78.85697200
Alverton,554,40.14007200,-79.58726100
Amberson,0,40.17036300,-77.67721200
Ambler,30031,40.15455300,-75.22156500
Ambridge,12881,40.58923300,-80.22506000
Amity,1368,40.03724300,-80.20247700
Analomink,0,41.05120400,-75.22045800
Andreas,1269,40.75176000,-75.79241400
Anita,458,41.00138900,-78.96333300
Annville,10243,40.32953500,-76.51524400
Antes Fort,0,41.19174000,-77.22385800
Apollo,15057,40.58145400,-79.56643300
Aquashicola,55,40.81120400,-75.59018600
Arcadia,104,40.78117500,-78.85253100
Archbald,6574,41.49480300,-75.53685200
Arcola,0,40.15260400,-75.45657400
Ardara,230,40.35784700,-79.73504400
Ardmore,12902,40.00677800,-75.28546200
Arendtsville,0,39.92314900,-77.29859500
Aristes,256,40.81842000,-76.33828000
Armagh,920,40.45368100,-79.03197400
Armbrust,0,40.22368100,-79.55115000
Arnot,354,41.66257300,-77.12302500
Arona,406,40.26923600,-79.66143100
Artemas,359,39.74703200,-78.43890300
Ashfield,0,40.78453700,-75.71352200
Ashland,6623,40.78175400,-76.34578200
Ashville,1687,40.56006800,-78.54862800
Aspers,2428,39.97843900,-77.22758200
Aston,21019,39.86920000,-75.44029900
Atglen,2906,39.94927100,-75.97356000
Athens,6200,41.95729600,-76.51799900
Atlantic,1199,41.50477500,-80.33895400
Atlasburg,306,40.34118000,-80.38284200
Auburn,4468,40.59842400,-76.09327200
Audubon,0,40.12788300,-75.43185300
Aultman,337,40.56344200,-79.26077300
Austin,1380,41.63117500,-78.09139400
Avella,3706,40.27500000,-80.46083300
Avis,1511,40.50856200,-75.22949400
Avondale,5094,39.82344300,-75.78327300
Avonmore,1689,40.52895400,-79.46143000
Baden,9569,40.63506600,-80.22811500
Bainbridge,2466,40.09064100,-76.66765600
Bairdford,247,40.63117700,-79.88144200
Bakerstown,345,40.65083300,-79.93666700
Bala Cynwyd,9299,40.00761200,-75.23406900
Bally,1021,41.02156600,-79.68780500
Bangor,16633,40.86565100,-75.20656700
Barnesville,2076,40.81453200,-76.03076300
Bart,0,41.20332100,-77.19452400
Barto,5477,40.39120800,-75.61018500
Bartonsville,1753,41.00296800,-75.28035000
Bath,11488,40.72565200,-75.39406900
Bausman,0,40.02426400,-76.33079300
Beach Haven,261,41.06841700,-76.17576500
Beach Lake,2151,41.60175500,-75.14989400
Beallsville,377,40.06535000,-80.02366400
Bear Creek,245,41.17869300,-75.75630300
Bear Lake,857,41.99338800,-79.50282800
Beaver,15126,40.69534300,-80.30478400
Beaver Falls,29522,40.75200900,-80.31922900
Beaver Meadows,1330,40.92814100,-75.91464400
Beaver Springs,1379,40.74619000,-77.20943100
Beaverdale,0,40.32201900,-78.69696300
Beavertown,1861,40.75369100,-77.16942900
Beccaria,136,40.77006000,-78.44807600
Bechtelsville,2600,40.37342900,-75.62907500
Bedford,12155,40.01869200,-78.50390600
Bedminster,0,40.42593700,-75.17906200
Beech Creek,2070,41.07589800,-77.58860200
Belle Vernon,16808,40.12507200,-79.86643500
Bellefonte,22891,40.91339400,-77.77833400
Belleville,4841,40.60507000,-77.72555000
Bellwood,3136,40.60111700,-78.33420700
Belsano,0,40.51951400,-78.87113600
Bendersville,576,39.98259200,-77.24942700
Benezett,192,41.31666700,-78.38666700
Bensalem,53564,40.09944200,-74.93256800
Bentleyville,3771,40.11673800,-80.00838500
Benton,4420,41.19508300,-76.38355200
Berlin,7075,39.92063600,-78.95780200
Bernville,6293,40.43342600,-76.11216400
Berrysburg,354,40.60202900,-76.81191400
Berwick,19465,41.05452900,-76.23326700
Berwyn,10911,40.04483000,-75.43880500
Bessemer,1656,40.97478200,-80.49367900
Bethel,3431,40.47453600,-76.29134100
Bethel Park,30825,40.32756900,-80.03949700
Bethlehem,116037,40.62593100,-75.37045700
Beyer,0,40.78645300,-79.20114800
Big Cove Tannery,630,39.84897900,-78.04944700
Big Run,727,40.96700700,-78.87836500
Bigler,303,40.98477900,-78.30640500
Biglerville,5507,39.93037100,-77.24803900
Birchrunville,101,40.12954600,-75.63769800
Bird In Hand,1461,40.03963800,-76.17888600
Birdsboro,15755,40.26453700,-75.80408500
Black Lick,332,40.47250000,-79.19277700
Blain,1162,40.33841600,-77.51248800
Blairs Mills,662,40.28369300,-77.71832400
Blairsville,11189,40.43117900,-79.26086900
Blakeslee,3437,41.09258600,-75.59268800
Blanchard,854,41.06423100,-77.59777000
Blandburg,315,40.68700700,-78.41085100
Blandon,5286,40.44215400,-75.88597100
Blooming Glen,0,40.36954800,-75.24823000
Bloomsburg,28313,41.00369800,-76.45494500
Blossburg,1672,41.67951800,-77.06385600
Blue Ball,0,40.11870800,-76.04716900
Blue Bell,18246,40.15233000,-75.26628900
Blue Ridge Summit,1068,39.72416700,-77.47166700
Boalsburg,4055,40.77561800,-77.79249900
Bobtown,788,39.76118900,-79.98144800
Boiling Springs,5222,40.14981200,-77.12831300
Bolivar,1927,40.39701400,-79.15169800
Boswell,4186,40.16146500,-79.02891600
Bovard,0,41.07367300,-79.97172200
Bowers,265,40.48731600,-75.74213700
Bowmansdale,0,40.16620200,-76.97803100
Bowmanstown,895,40.79981500,-75.66185400
Bowmansville,0,40.19676000,-76.01744100
Boyers,1000,41.10833300,-79.89916700
Boyertown,17396,40.33370700,-75.63740800
Boynton,56,39.76674800,-79.06669300
Brackenridge,3543,40.60812200,-79.74115900
Brackney,1816,41.98690400,-75.92755100
Braddock,11434,40.40340200,-79.86838200
Bradenville,617,40.32145800,-79.34003500
Bradford,18482,41.95589600,-78.64391600
Bradfordwoods,1174,40.63756700,-80.08172400
Branchdale,502,40.67055500,-76.32111100
Branchton,0,41.07256200,-79.98561100
Brandamore,320,40.05371400,-75.81994100
Brandy Camp,0,41.32089400,-78.68752600
Brave,414,39.72472200,-80.26027800
Breezewood,1333,39.99925000,-78.23862200
Breinigsville,3592,40.53699100,-75.63611600
Bridgeport,4992,40.10510800,-75.34518300
Bridgeville,14530,40.35618000,-80.11005500
Brier Hill,0,39.98035300,-79.82810000
Brisbin,413,40.83811400,-78.35446200
Bristol,22075,40.10066600,-74.85183100
Broad Top,690,40.20230200,-78.14084000
Brockport,1563,41.25978300,-78.72669300
Brockton,365,40.74927100,-76.06812300
Brockway,5378,41.24922700,-78.79947300
Brodheadsville,2505,40.92453700,-75.39379400
Brogue,2080,39.87176700,-76.48302000
Brookhaven,16499,39.86927800,-75.38241400
Brooklyn,141,41.75111100,-75.80722200
Brookville,9841,41.16117400,-79.08309200
Broomall,20386,39.96995000,-75.35302300
Brownfield,0,39.85702000,-79.71198900
Brownstown,192,40.33451800,-78.93808100
Brownsville,9406,40.02368500,-79.88393500
Bruin,534,41.05478400,-79.72671600
Brush Valley,0,40.53617900,-79.06642000
Bryn Athyn,54,40.13149800,-75.06739300
Bryn Mawr,21485,40.02183300,-75.31585400
Buck Hill Falls,40,41.18786800,-75.26573700
Buckingham,0,40.32361100,-75.06027800
Buena Vista,708,40.01979700,-79.71087300
Buffalo Mills,997,39.93341500,-78.64585200
Bulger,1966,40.37840200,-80.32784000
Bunola,382,40.23729200,-79.95060500
Burgettstown,7824,40.38201300,-80.39284200
Burlington,182,41.77979700,-76.60744800
Burnham,1995,40.63868200,-77.56860500
Burnside,283,40.81284200,-78.78558500
Burnt Cabins,297,40.07891500,-77.89659900
Bushkill,7252,41.09342900,-75.00184000
Butler,58042,40.86117500,-79.89533200
Byrnedale,627,41.28924600,-78.50527200
Cabot,4392,40.76472200,-79.76666700
Cadogan,390,40.75395300,-79.58115700
Cairnbrook,1212,40.11896700,-78.81807700
California,4331,40.06562900,-79.89171300
Callensburg,220,41.12589500,-79.55838000
Callery,444,40.74062100,-80.03644800
Calumet,0,40.21090400,-79.48531500
Calvin,209,40.33674300,-78.02722500
Cambra,98,41.19813900,-76.30577000
Cambridge Springs,6460,41.80366700,-80.05644400
Cammal,0,41.40340200,-77.46303500
Camp Hill,34142,40.23981100,-76.91997400
Campbelltown,264,40.27759100,-76.58524600
Camptown,0,41.73118600,-76.23465500
Canadensis,2164,41.19203500,-75.25129200
Canonsburg,31992,40.26257000,-80.18727900
Canton,5049,41.65646400,-76.85329200
Carbondale,14672,41.57369300,-75.50185000
Cardale,128,39.95674200,-79.86615800
Carlisle,52064,40.20250000,-77.19500000
Carlton,529,41.47479600,-80.02201900
Carmichaels,5115,39.89674200,-79.97449900
Carnegie,19074,40.40868000,-80.08338800
Carrolltown,3098,40.60284600,-78.70863400
Carversville,0,40.38654300,-75.06282100
Cashtown,0,39.87583300,-77.33805500
Cassandra,136,40.40868400,-78.64057300
Cassville,425,40.29313300,-78.02694700
Castanea,0,41.12479100,-77.42970300
Catasauqua,9322,40.65481900,-75.47462700
Catawissa,5461,40.95203100,-76.45967000
Cecil,1843,40.32944400,-80.17111100
Cedar Run,0,41.52256900,-77.44581300
Cedars,0,40.21260500,-75.36851100
Center Valley,6282,40.52926600,-75.39323600
Centerport,327,40.48620400,-76.00743600
Centerville,3384,40.04535100,-79.97560600
Central City,2812,40.11063400,-78.80196500
Centre Hall,3818,40.84756300,-77.68610900
Chadds Ford,8954,39.87177700,-75.59131700
Chalfont,17764,40.28843900,-75.20906200
Chalk Hill,0,39.84508100,-79.61640200
Chambersburg,47886,39.93759100,-77.66110200
Chambersville,55,40.70534200,-79.15781300
Champion,1303,40.07507300,-79.35808900
Chandlers Valley,0,41.93422400,-79.30366000
Charleroi,11658,40.13784900,-79.89810300
Chatham,0,39.85344100,-75.82160800
Cheltenham,6631,40.06083300,-75.09444400
Cherry Tree,2843,40.72645400,-78.80669600
Cherryville,66,40.75505500,-75.53907000
Chest Springs,110,40.58006800,-78.60696400
Chester,38762,39.84955700,-75.35574500
Chester Heights,0,39.89011100,-75.47547600
Chester Springs,7520,40.09500000,-75.61722200
Chestnut Ridge,345,39.98035300,-79.80643200
Cheswick,8484,40.54173400,-79.79921500
Cheyney,774,39.92844300,-75.52270300
Chicora,5614,40.94811900,-79.74282700
Chinchilla,0,41.47507800,-75.67713400
Christiana,4661,39.95482600,-75.99689400
Clairton,17341,40.29229200,-79.88171500
Clarence,698,41.04811400,-77.94028100
Clarendon,2033,41.78006000,-79.09309700
Claridge,864,40.36562400,-79.62226400
Clarington,281,41.33119200,-79.12346700
Clarion,10449,41.18266200,-79.39601900
Clark,500,41.28616600,-80.42756800
Clarks Mills,614,41.39255100,-80.18708800
Clarks Summit,21978,41.48868900,-75.70852400
Clarksburg,1798,40.53231000,-79.38213300
Clarksville,2207,39.97285100,-80.04394300
Claysburg,3795,40.29674200,-78.44973700
Claysville,4892,40.11785000,-80.41034300
Clearfield,14315,41.02727900,-78.43918700
Clearville,2247,39.91675100,-78.38390300
Clifford,195,41.64915900,-75.59825100
Clifton Heights,23351,39.92927900,-75.29629700
Clinton,3868,40.72423100,-79.78560700
Clintonville,528,41.19922700,-79.87283100
Clune,0,40.54963900,-79.30992700
Clymer,3973,40.66812100,-79.01169800
Coal Center,2042,40.06840600,-79.90171400
Coal Township,10556,40.78341900,-76.49106700
Coaldale,2295,40.82286700,-75.90686600
Coalport,2015,40.74784000,-78.53446700
Coatesville,41609,39.98316100,-75.82383500
Coburn,422,40.86296600,-77.46237900
Cochranton,5714,41.52005300,-80.04839200
Cochranville,4539,39.89166700,-75.92194400
Cocolamus,0,40.64528300,-77.21376000
Codorus,631,39.73343600,-76.78303000
Cogan Station,5436,41.34371600,-77.10709700
Cokeburg,705,40.10118300,-80.06727600
Collegeville,30866,40.18565900,-75.45157100
Colmar,873,40.26732800,-75.25350700
Columbia,17333,40.03370800,-76.50440900
Columbia Cross Roads,2513,41.83590700,-76.80190000
Columbus,721,41.94088900,-79.58171700
Colver,1199,40.54340300,-78.78780100
Commodore,1662,40.71312000,-78.94336400
Concord,0,40.25175000,-77.70026800
Concordville,0,39.88511000,-75.52020200
Conestoga,4438,39.94065500,-76.34634900
Confluence,2427,39.81285400,-79.35670100
Conneaut Lake,5625,41.60338700,-80.30534100
Conneautville,3684,41.75783300,-80.36784200
Connellsville,22735,40.01785200,-79.58948200
Connoquenessing,564,40.81784200,-80.01422500
Conshohocken,16530,40.07927600,-75.30157100
Conway,2297,40.65978800,-80.23922700
Conyngham,1589,40.99202800,-76.05659400
Cooksburg,167,41.33131000,-79.21003000
Coolspring,143,41.04312000,-79.08364700
Coopersburg,12091,40.51148800,-75.39045800
Cooperstown,1516,41.49866700,-79.87033400
Coplay,7162,40.67009600,-75.49546100
Coral,278,40.49923400,-79.17392300
Coraopolis,37804,40.51840100,-80.16672400
Cornwall,582,40.27370300,-76.40607200
Corry,11675,41.92033300,-79.64032800
Corsica,1191,41.18117500,-79.20226100
Coudersport,5987,41.77478700,-78.02056000
Coulters,154,40.29645800,-79.80143500
Coupon,0,40.53438200,-78.51757800
Covington,1350,41.74479600,-77.07718900
Cowanesque,0,41.93312600,-77.49720600
Cowansville,1133,40.88670300,-79.58956900
Crabtree,452,40.36229000,-79.47059400
Craley,0,39.94759900,-76.51052000
Cranberry,1051,41.34877000,-79.71140300
Cranberry Twp,23625,40.69756600,-80.11394800
Cranesville,1758,41.90505500,-80.34367500
Creamery,0,40.22010300,-75.41628900
Creekside,1694,40.67995100,-79.19350500
Creighton,1053,40.58728900,-79.77838200
Crescent,2242,40.56673300,-80.22978200
Cresco,4135,41.15388900,-75.28083300
Cresson,4983,40.45979300,-78.59168300
Cressona,1571,40.62675700,-76.19272200
Crosby,213,41.74506300,-78.39029400
Cross Fork,129,41.48339900,-77.81443500
Croydon,10129,40.08733200,-74.90349900
Crucible,642,39.94840800,-79.96477400
Crum Lynne,3906,39.86367200,-75.33830200
Crystal Spring,431,39.94890200,-78.23320800
Cuddy,576,40.34923600,-80.16061200
Cumbola,382,40.71175600,-76.13771700
Curllsville,0,41.09867400,-79.44671000
Curryville,167,40.27591000,-78.33834600
Curtisville,0,40.64228800,-79.85088500
Curwensville,5348,40.97561300,-78.52502400
Custer City,288,41.90589600,-78.65169400
Cyclone,484,41.83222200,-78.58611100
Dagus Mines,0,41.35394900,-78.60557900
Daisytown,1162,40.05478300,-79.93656100
Dallas,16577,41.33619100,-75.96325400
Dallastown,9622,39.89954400,-76.64024500
Dalmatia,1603,40.65425100,-76.90247500
Dalton,5418,41.53424400,-75.73602500
Damascus,1224,41.70314400,-75.06822300
Danboro,0,40.35454900,-75.13267200
Danielsville,3085,40.79453800,-75.52712900
Danville,18622,40.96342000,-76.61273200
Darby,21404,39.91844600,-75.25907200
Darlington,3459,40.80950700,-80.42256500
Darragh,41,40.26645800,-79.67865300
Dauphin,4020,40.36730900,-76.93108500
Davidsville,1786,40.22702000,-78.93641400
Dawson,1936,40.04701800,-79.65448400
Dayton,2302,40.88034300,-79.24198300
De Lancey,146,40.98658100,-78.96023200
De Young,0,40.91673000,-78.98308900
Defiance,112,40.16119100,-78.22973300
Delano,380,40.83897600,-76.07104300
Delaware Water Gap,744,40.97926100,-75.14295600
Delmont,4851,40.41312300,-79.57032000
Delta,5654,39.72704900,-76.32662500
Denbo,137,40.01229600,-79.93171500
Denver,14154,40.23314800,-76.13716800
Derrick City,267,41.97061900,-78.57141300
Derry,7203,40.33395800,-79.29975700
Devault,0,40.07455000,-75.53519800
Devon,7408,40.049464,-75.428481
Dewart,278,41.10924900,-76.87663000
Dickerson Run,372,40.04562900,-79.66642800
Dickson City,5322,41.46876700,-75.63477500
Dilliner,1475,39.73593500,-79.95167500
Dillsburg,15306,40.11092500,-77.03497800
Dilltown,71,40.46645900,-79.00252900
Dimock,161,41.74646500,-75.89825100
Dingmans Ferry,6736,41.22000000,-74.87166700
Distant,95,40.96950900,-79.35670700
Dixonville,325,40.71617500,-79.00725400
Donegal,760,40.11257300,-79.38253500
Donora,5768,40.17340400,-79.85754600
Dornsife,1163,40.74563900,-76.78913500
Douglassville,10721,40.25787100,-75.72630000
Dover,22770,40.00176300,-76.85024800
Downingtown,41450,40.00649500,-75.70327400
Doylesburg,331,40.21341700,-77.69999000
Doylestown,47310,40.31010600,-75.12989300
Dravosburg,2015,40.35062500,-79.88616000
Dresher,5610,40.14094200,-75.16684100
Drexel Hill,32013,39.94705600,-75.29213000
Drifting,306,41.02422300,-78.10834200
Drifton,309,40.99980600,-75.90547600
Driftwood,447,41.33978400,-78.13417200
Drumore,1153,39.79177000,-76.26495600
Drums,7131,41.01813900,-75.99492500
Dry Run,767,40.16750000,-77.75416700
Du Bois,20609,41.11922800,-78.76002900
Dublin,2083,40.37177100,-75.20156200
Dudley,192,40.20535700,-78.18139800
Duke Center,984,41.95166400,-78.48268100
Dunbar,5386,39.97785200,-79.61448300
Duncannon,8703,40.39814100,-77.02303300
Duncansville,12876,40.42340500,-78.43390300
Dunlevy,397,40.11240800,-79.85867500
Dunlo,168,40.29452000,-78.72113000
Duquesne,7332,40.38145800,-79.85977000
Durham,0,40.57316600,-75.22609000
Duryea,4151,41.34396800,-75.73852500
Dushore,2498,41.52424200,-76.40077400
Dysart,851,40.59673300,-78.51696200
Eagles Mere,315,41.41091100,-76.58189400
Eagleville,0,40.15955000,-75.40823800
Earlington,0,40.32093600,-75.37239800
Earlville,91,40.31676000,-75.73685700
East Berlin,7050,39.93759600,-76.97858900
East Brady,2086,40.98589700,-79.61310200
East Butler,679,40.87784100,-79.84644200
East Earl,5320,40.11009700,-76.03272400
East Freedom,2114,40.35757400,-78.42973600
East Greenville,5548,40.40648800,-75.50184700
East Hickory,143,41.58395000,-79.40171300
East Mc Keesport,2354,40.38312400,-79.80643600
East Millsboro,1074,39.98118500,-79.99338500
East Petersburg,4740,40.10009600,-76.35412600
East Pittsburgh,3616,40.39562400,-79.83865900
East Prospect,678,39.97204300,-76.51996500
East Smethport,255,41.80867500,-78.41946200
East Smithfield,322,41.86451800,-76.62550400
East Springfield,1477,41.96505500,-80.40728900
East Stroudsburg,35796,40.99953800,-75.18129100
East Texas,0,40.54759600,-75.56129700
East Vandergrift,742,40.59812100,-79.56115500
East Waterford,1042,40.37035800,-77.60471200
Easton,69774,40.68843200,-75.22073200
Eau Claire,355,41.13617200,-79.79810700
Ebensburg,9667,40.48507100,-78.72474200
Ebervale,0,40.98619500,-75.94131200
Edgemont,0,40.28536600,-76.84941700
Edinboro,12830,41.87422200,-80.13172300
Edinburg,3772,41.01123800,-80.43879000
Effort,7619,40.94032700,-75.43615700
Eighty Four,5012,40.18173700,-80.13311100
Elco,362,40.07916600,-79.87472200
Elderton,358,40.69506400,-79.34142900
Eldred,2956,41.95784200,-78.38529500
Elgin,0,41.90311100,-79.74366200
Elizabeth,11676,40.26923600,-79.88977000
Elizabethtown,26955,40.15287100,-76.60274500
Elizabethville,3135,40.54897400,-76.81191500
Elkins Park,19110,40.07705500,-75.12684100
Elkland,1786,41.98618300,-77.31081200
Elliottsburg,1788,40.38897200,-77.28887400
Ellsworth,1083,40.11201600,-80.01727400
Ellwood City,17821,40.86173000,-80.28645100
Elm,0,40.20398200,-76.34884700
Elmhurst,0,41.37626300,-75.54068000
Elmora,0,40.60173500,-78.74641300
Elrama,291,40.25201400,-79.92504900
Elton,243,40.27979800,-78.80224300
Elverson,5835,40.15676400,-75.83270800
Elysburg,3973,40.86453000,-76.55245500
Emeigh,0,40.69478800,-78.78697200
Emigsville,240,40.00555500,-76.73222200
Emlenton,3592,41.17728300,-79.70782700
Emmaus,17153,40.53954200,-75.49685000
Emporium,5323,41.51145200,-78.23528700
Endeavor,80,41.58950500,-79.38504600
Enola,14026,40.29008800,-76.93386300
Enon Valley,2502,40.85478400,-80.45701100
Entriken,90,40.33396500,-78.19889800
Ephrata,29448,40.17981600,-76.17883900
Equinunk,1229,41.85583000,-75.22417000
Erie,186871,42.12922400,-80.08505900
Ernest,501,40.67812100,-79.16170200
Erwinna,577,40.50065800,-75.07267100
Essington,4217,39.86194400,-75.29750000
Etters,9877,40.15261200,-76.75023200
Evans City,5771,40.76923200,-80.06283800
Everett,8350,40.01147100,-78.37334800
Everson,983,40.09118400,-79.58753900
Export,8505,40.41812300,-79.62559800
Exton,14341,40.03258100,-75.62745800
Factoryville,4520,41.56313200,-75.78269300
Fairbank,0,39.94340800,-79.84949100
Fairchance,3276,39.82479800,-79.75449200
Fairfield,6938,40.01340600,-80.07116600
Fairhope,796,39.84008300,-78.79196400
Fairless Hills,13500,40.17955300,-74.85516400
Fairmount City,1191,41.91694000,-75.41861000
Fairview,7950,42.03144500,-80.25534000
Fairview Village,0,40.15788400,-75.38712600
Fallentimber,1666,40.68591300,-78.49671200
Falls,1759,41.46055600,-75.84916700
Falls Creek,1982,41.14506100,-78.80447400
Fannettsburg,506,40.06508700,-77.82943900
Farmington,3085,39.80773900,-79.56636800
Farrell,6170,41.21227800,-80.49673600
Fawn Grove,2094,39.72788200,-76.45190700
Fayette City,2430,40.10035000,-79.84060100
Fayetteville,8876,39.91120200,-77.54998800
Feasterville Trevose,24657,40.15138800,-74.98500000
Felton,5599,39.85482300,-76.56441000
Fenelton,2044,40.87011000,-79.72734100
Ferndale,0,40.28896300,-78.91474700
Finleyville,7549,40.25229200,-80.00282900
Fisher,0,41.26645200,-79.24254100
Fishertown,519,40.12174500,-78.58557300
Fleetville,276,41.59813300,-75.71463400
Fleetwood,14085,40.45398200,-75.81797600
Fleming,0,40.91200500,-77.93002600
Flicksville,0,40.84426300,-75.20156700
Flinton,841,40.71422900,-78.51974300
Flourtown,4724,40.10344300,-75.21239900
Fogelsville,3205,40.58305600,-75.63305600
Folcroft,6898,39.89094600,-75.28379600
Folsom,8337,39.88983400,-75.32518800
Fombell,2255,40.80950900,-80.20172700
Forbes Road,386,40.35395700,-79.52170700
Force,199,41.25783700,-78.50113200
Ford City,8697,40.77228600,-79.52976700
Ford Cliff,412,40.76034200,-79.53365600
Forest City,4908,41.65147200,-75.46657100
Forest Grove,0,40.47923500,-80.13033400
Forestville,101,40.69231100,-76.30133800
Forksville,756,41.48702000,-76.60217200
Fort Hill,353,39.83035500,-79.27253200
Fort Littleton,367,40.08177900,-78.00812200
Fort Loudon,1647,39.91481200,-77.90472000
Fort Washington,6019,40.13833300,-75.19138800
Fountainville,278,40.34111000,-75.15083000
Foxburg,369,41.14311700,-79.67977100
Frackville,8631,40.78397700,-76.23022100
Franconia,0,40.30788100,-75.35767600
Franklin,17240,41.39783500,-79.83144300
Franklintown,0,40.07675900,-77.02831100
Frederick,73,40.30287700,-75.52934600
Fredericksburg,2935,40.44370100,-76.42829300
Fredericktown,2390,40.00257300,-79.99810700
Fredonia,2197,41.32172300,-80.25867400
Freeburg,708,40.76314000,-76.93942100
Freedom,7752,40.70138700,-80.27815700
Freeland,5970,41.01675000,-75.89714300
Freeport,5194,40.67395400,-79.68477000
Frenchville,1437,41.10115800,-78.22115300
Friedens,4038,40.05007800,-78.99835900
Friedensburg,61,40.60259000,-76.24078100
Friendsville,1199,41.91701900,-76.04547900
Frostburg,0,41.05562000,-79.38643100
Fryburg,538,41.35367300,-79.43810100
Furlong,2891,40.29621700,-75.08211500
Gaines,583,41.75194400,-77.55777800
Galeton,2132,41.73312400,-77.64193100
Gallitzin,2777,40.48229300,-78.55168200
Gans,0,39.74285500,-79.82422000
Gap,5753,40.85432600,-75.28146000
Garards Fort,183,39.81591000,-80.02644800
Gardenville,0,40.37260500,-75.10767100
Gardners,4219,40.00564800,-77.20692600
Garland,327,41.81616900,-79.44393800
Garrett,1385,39.86313600,-79.05808200
Gastonville,0,40.25729200,-79.99588400
Geigertown,117,40.20259500,-75.83631500
Genesee,1469,41.98916700,-77.86611100
Georgetown,2596,40.64145300,-80.49784400
Germansville,2304,40.70278200,-75.70682500
Gettysburg,25620,39.83092900,-77.23109500
Gibbon Glade,333,39.73979900,-79.59448800
Gibson,94,40.13579900,-79.99234000
Gibsonia,23196,40.63006700,-79.96950000
Gifford,426,41.85811800,-78.59641300
Gilbert,459,40.91495900,-75.43914000
Gilberton,487,40.79953200,-76.21244100
Gilbertsville,10335,40.32009700,-75.61018400
Gillett,3471,41.95111100,-76.79472200
Gipsy,235,40.80728600,-78.87642000
Girard,8529,42.00033300,-80.31811900
Girardville,2035,40.79147600,-76.28355600
Gladwyne,4050,40.04066600,-75.27907100
Glasgow,0,40.26361000,-75.66111000
Glassport,4993,40.32479100,-79.89227100
Glen Campbell,1051,40.82089700,-78.82697500
Glen Hope,149,40.79839400,-78.50002200
Glen Lyon,1892,41.17508200,-76.07464800
Glen Mills,13740,39.91759500,-75.48931100
Glen Richey,188,40.94720800,-78.47557100
Glen Riddle Lima,0,39.89400000,-75.43380700
Glen Rock,7128,39.79315700,-76.73024900
Glenmoore,7425,40.08899000,-75.77187900
Glenolden,13735,39.90011200,-75.28907400
Glenshaw,14921,40.53277800,-79.96777800
Glenside,32019,40.10233200,-75.15211900
Glenville,2394,39.75704600,-76.81525300
Goodville,0,40.59258100,-77.20026200
Gordon,781,40.75175400,-76.33606100
Gordonville,4322,40.02000000,-76.13388900
Gouldsboro,4794,41.24452900,-75.45601800
Gradyville,0,39.94316500,-75.46936600
Grampian,1936,40.96589300,-78.61308200
Grand Valley,750,41.72117000,-79.53755000
Grantham,187,40.15648000,-76.99636500
Grantville,3769,40.37777800,-76.64666700
Granville,149,40.55069300,-77.62538200
Granville Summit,781,41.71766700,-76.77945000
Grapeville,553,40.32534600,-79.60559700
Grassflat,613,41.00255600,-78.11445400
Gratz,0,40.61175200,-76.71857700
Gray,215,41.42088700,-77.03328700
Graysville,863,39.93202000,-80.38479000
Great Bend,1217,41.97174400,-75.74324200
Greeley,1322,41.42120100,-74.99516900
Green Lane,4108,40.33676700,-75.46906700
Greencastle,16411,39.79037100,-77.72777100
Greenock,0,40.31229100,-79.80671300
Greensboro,1757,39.79118800,-79.91283300
Greensburg,57255,40.30145800,-79.53892800
Greentown,4000,41.32175500,-75.30545800
Greenville,19128,41.40449900,-80.39117800
Grindstone,2689,40.01618500,-79.83059900
Grove City,15269,41.15783700,-80.08867000
Grover,0,41.61451900,-76.86718200
Guys Mills,3076,41.63005500,-79.97755600
Gwynedd,497,40.20177400,-75.25517500
Gwynedd Valley,714,40.18427400,-75.25628700
Hadley,2029,41.41394300,-80.23311800
Halifax,7616,40.46814000,-76.93191900
Hallstead,3468,41.96118900,-75.74324200
Hamburg,10742,40.55564800,-75.98187700
Hamilton,132,40.92423100,-79.08086800
Hamlin,0,41.40369600,-75.39851500
Hannastown,177,40.35367900,-79.49670600
Hanover,43764,39.80065500,-76.98303500
Harborcreek,2632,42.16644500,-79.95283100
Harford,200,41.78230000,-75.70157600
Harleigh,94,40.98063900,-75.97131300
Harleysville,20938,40.27954700,-75.38712000
Harmonsburg,50,41.66088700,-80.31784100
Harmony,4564,40.80145400,-80.12728200
Harrisburg,156270,40.27370000,-76.88441700
Harrison City,2920,40.35527700,-79.64972200
Harrison Valley,729,41.94201300,-77.64943300
Harrisonville,1074,39.98836900,-78.06159200
Harrisville,3311,41.13672700,-80.00922300
Hartleton,183,40.90063300,-77.15608600
Hartstown,892,41.55255300,-80.37923300
Harveys Lake,3908,41.36333300,-76.04388800
Harwick,982,40.55666700,-79.80527800
Hastings,2651,40.66506700,-78.71224700
Hatboro,20467,40.17427500,-75.10683800
Hatfield,18043,40.27982700,-75.29934100
Haverford,6652,40.01316700,-75.29435100
Havertown,36300,39.98094500,-75.30852000
Hawk Run,422,40.92365300,-78.20485700
Hawley,9803,41.47592200,-75.18211800
Hawthorn,587,41.02006500,-79.27448400
Hazel Hurst,376,41.70589500,-78.58252300
Hazleton,35680,40.95841800,-75.97464700
Hegins,2346,40.65186300,-76.49678100
Heilwood,331,40.62090000,-78.91502900
Hellertown,10298,40.57954300,-75.34073400
Hendersonville,0,40.29923600,-80.15227800
Henryville,1974,41.09365500,-75.24005100
Hereford,818,40.44926400,-75.55212800
Herman,0,40.83006400,-79.81116300
Herminie,2363,40.26340300,-79.71754300
Hermitage,13490,41.23338900,-80.44868000
Herndon,2079,40.70952900,-76.84247200
Herrick Center,62,41.74202700,-75.48935000
Hershey,15069,40.28592300,-76.65024600
Hesston,696,40.42032600,-78.10948200
Hibbs,376,39.93174200,-79.88254900
Hickory,1481,40.29895800,-80.30867200
Hidden Valley,0,40.05717000,-79.25589300
Highspire,2746,40.21092400,-76.79108200
Hiller,555,40.01035200,-79.90088000
Hilliards,1067,41.08583300,-79.83361100
Hillsdale,0,40.75173100,-78.88503100
Hillsgrove,284,41.44396600,-76.70717600
Hillsville,392,41.00783700,-80.49673500
Hilltown,188,41.77036600,-75.17822700
Holbrook,1002,39.85535400,-80.31368000
Holicong,0,40.33566100,-75.04739200
Hollidaysburg,15399,40.42729400,-78.38890200
Hollsopple,3182,40.20840900,-78.92780200
Holmes,2816,39.90416600,-75.30861100
Holtwood,3390,39.83194400,-76.32777800
Home,2469,40.738771,-79.105639
Homer City,7073,40.54340000,-79.16225600
Homestead,20437,40.38420200,-79.87723300
Honesdale,13163,41.57675500,-75.25878700
Honey Brook,10044,40.09426600,-75.91133000
Honey Grove,821,40.40230200,-77.55221100
Hookstown,2507,40.59923200,-80.47284400
Hooversville,1552,40.14702100,-78.91196800
Hop Bottom,1217,41.70591000,-75.76630100
Hopeland,0,40.23370300,-76.26217500
Hopewell,1698,40.13563600,-78.26779000
Hopwood,3206,39.87702000,-79.70198800
Horsham,16705,40.17844200,-75.12850600
Hostetter,0,40.26618100,-79.39836900
Houston,5029,40.24645900,-80.21144700
Houtzdale,5324,40.82505900,-78.35112800
Howard,4635,41.01422900,-77.65805300
Hughesville,5928,41.24119200,-76.72384500
Hummels Wharf,0,40.83175100,-76.83580200
Hummelstown,18826,40.26536800,-76.70830300
Hunker,2057,40.20423700,-79.62059600
Hunlock Creek,5885,41.20400900,-76.06467000
Huntingdon,17720,40.48479500,-78.01028100
Huntingdon Valley,20451,40.12261000,-75.06350400
Huntington Mills,300,41.18991500,-76.23210900
Hustontown,1406,40.04705800,-78.02812900
Hutchinson,322,40.22618100,-79.73170900
Hyde,468,41.00255700,-78.46252200
Hyde Park,513,40.63256500,-79.58976700
Hydetown,0,41.65255800,-79.72699700
Hyndman,2940,39.82111100,-78.72138800
Hyner,176,41.33173400,-77.64415000
Ickesburg,1073,40.45583300,-77.35194400
Idaville,0,40.01481400,-77.20275900
Imler,1546,40.20674400,-78.52279400
Immaculata,581,40.03045400,-75.56629600
Imperial,6743,40.44951200,-80.24450400
Indian Head,320,40.02479600,-79.39503400
Indiana,34170,40.62145500,-79.15253400
Indianola,628,40.56944400,-79.86388900
Industry,3938,40.25921000,-76.88307100
Ingomar,0,40.58090100,-80.06089000
Intercourse,0,40.03759900,-76.10495200
Irvine,313,41.83922500,-79.26838100
Irvona,1419,40.77450600,-78.55335700
Irwin,44880,40.32451300,-79.70115400
Isabella,90,39.94396400,-79.93616200
Jackson,200,41.19511400,-76.45629900
Jackson Center,1617,41.27283500,-80.13894900
Jacobs Creek,276,40.13312800,-79.74170800
James City,301,41.62006100,-78.83892100
James Creek,1362,40.35294100,-78.17612700
Jamestown,3898,41.48477500,-80.43756800
Jamison,7873,40.25608400,-75.08918000
Jeannette,20102,40.32812400,-79.61531900
Jefferson,1455,40.29118000,-79.93199400
Jenkintown,19046,40.09594300,-75.12517400
Jenners,424,40.14305600,-79.04305600
Jennerstown,313,40.15979700,-79.06641700
Jermyn,6454,41.53091400,-75.54546300
Jerome,624,40.20896400,-78.98363700
Jersey Mills,20,41.35729200,-77.40664400
Jersey Shore,13149,41.20201700,-77.26441500
Jessup,4238,41.46869200,-75.56213000
Jim Thorpe,6956,40.87592300,-75.73241200
Joffre,64,40.37916700,-80.36055600
Johnsonburg,3792,41.49061700,-78.67502600
Johnstown,77260,40.32674000,-78.92196900
Jones Mills,366,40.08861100,-79.34083300
Jonestown,6517,40.70028300,-76.27009600
Josephine,0,40.47729000,-79.18142300
Julian,2773,40.86422600,-77.93944800
Junedale,48,40.92341900,-75.94159000
Kane,6678,41.66283900,-78.81114200
Kantner,0,40.10089500,-78.93954500
Karns City,2163,40.99395200,-79.72532700
Karthaus,967,41.12089200,-78.11389600
Keisterville,0,39.96146400,-79.78254300
Kelayres,503,40.90091900,-76.00353800
Kelton,0,39.80872000,-75.87799800
Kemblesville,0,39.74899900,-75.82410500
Kempton,3076,40.62777300,-75.85289700
Kennerdell,1622,41.26736800,-79.84098800
Kennett Square,18493,39.84677600,-75.71160300
Kersey,3992,41.36228300,-78.59613400
Kimberton,0,40.13065800,-75.57213800
King Of Prussia,21893,40.08927400,-75.39602100
Kingsley,1824,41.76218800,-75.75444000
Kingston,32747,41.26174800,-75.89686300
Kintnersville,2663,40.55704500,-75.17961900
Kinzers,2094,39.99843500,-76.06161900
Kirkwood,2556,39.85621600,-76.07689500
Kittanning,18922,40.81645300,-79.52198900
Kleinfeltersville,0,40.30092500,-76.24911800
Klingerstown,674,40.66083300,-76.69361100
Knox,4494,41.23450500,-79.53726900
Knox Dale,264,41.08617500,-79.02642400
Knoxville,1423,41.95729300,-77.43887100
Koppel,896,40.83423000,-80.32228500
Kossuth,368,41.28478300,-79.57393700
Kreamer,325,40.80314000,-76.96386500
Kresgeville,665,40.90151200,-75.49697900
Kulpmont,3494,40.79341900,-76.47245400
Kulpsville,0,40.24288200,-75.33656400
Kunkletown,7675,40.84777800,-75.44861100
Kutztown,14539,40.39870200,-76.32189900
Kylertown,426,40.99339000,-78.16723300
La Belle,333,40.00785100,-79.97894000
La Jose,470,40.83338100,-78.65921300
La Plume,0,41.55674300,-75.75380300
Laceyville,2784,41.64590800,-76.16131800
Lackawaxen,399,41.47594500,-74.98640400
Lafayette Hill,10145,40.09183900,-75.25568200
Lahaska,0,40.34649500,-75.03155800
Lairdsville,83,41.22924900,-76.61300800
Lake Ariel,12113,41.45397400,-75.38268100
Lake City,4136,42.01422200,-80.34534300
Lake Como,224,41.84980800,-75.33684200
Lake Harmony,439,41.06064200,-75.59102100
Lake Lynn,897,39.72813300,-79.86061100
Lake Winola,256,41.51203000,-75.84613200
Lakeville,945,41.43814400,-75.27656600
Lakewood,618,41.85202900,-75.38128800
Lamar,434,41.01328300,-77.53347800
Lamartine,0,41.22256100,-79.63393700
Lampeter,0,39.99009900,-76.23967900
Lancaster,149863,40.03787500,-76.30551400
Landenberg,9829,39.77733200,-75.77132600
Landingville,0,40.62620200,-76.12355100
Landisburg,2300,40.34258400,-77.30720700
Landisville,6272,40.09537400,-76.40996200
Lanesboro,150,41.95702500,-75.58490400
Langeloth,609,40.36506900,-80.41395400
Langhorne,32578,40.17455300,-74.92266600
Lansdale,51722,40.24149500,-75.28378600
Lansdowne,28744,39.93816800,-75.27185000
Lanse,545,40.97505700,-78.12945400
Lansford,4230,40.83175600,-75.88242000
Laporte,314,41.42396600,-76.49411300
Larimer,99,40.34527800,-79.72666700
Latrobe,28016,40.32118000,-79.37948100
Lattimer Mines,461,40.99455600,-75.96244000
Laughlintown,611,40.21201700,-79.19780900
Laurelton,244,40.88313200,-77.19858800
Laurys Station,1262,40.72315100,-75.53018400
Lavelle,197,40.76342000,-76.38272900
Lawrence,1252,40.30333300,-80.11833300
Lawrenceville,2162,41.99907600,-77.12950200
Lawton,173,41.78590800,-76.07075900
Le Raysville,819,41.83868600,-76.18020700
Lebanon,62531,40.34092500,-76.41134900
Leck Kill,275,40.71675200,-76.62996200
Leckrone,145,39.86146500,-79.87005100
Lecontes Mills,0,41.08305000,-78.28070800
Lederach,0,40.26176900,-75.40600900
Leechburg,10156,40.62701000,-79.60560100
Leeper,1247,41.37082700,-79.30697600
Leesport,7578,40.44703700,-75.96632200
Leetsdale,1215,40.56312300,-80.20839200
Lehigh Valley,0,40.72918400,-75.24790600
Lehighton,18329,40.83370200,-75.71380000
Lehman,0,41.31702400,-76.02242300
Leisenring,197,39.99840800,-79.64420500
Lemasters,0,39.86120200,-77.85944100
Lemont,795,40.81061700,-77.81833300
Lemont Furnace,2733,39.91424200,-79.66976400
Lemoyne,5682,40.24120000,-76.89414000
Lenhartsville,1988,40.57287100,-75.88798000
Lenni,0,39.89400000,-75.44769700
Lenoxville,201,41.66230100,-75.63713200
Leola,9324,40.08787400,-76.18495300
Levittown,64626,40.15510900,-74.82877400
Lewis Run,2526,41.87089600,-78.66141600
Lewisberry,5758,40.13509200,-76.85969400
Lewisburg,17623,40.96452900,-76.88441000
Lewistown,21898,40.59923900,-77.57138200
Lewisville,0,40.51062200,-79.32114900
Liberty,1190,40.325379,-79.856272
Lickingville,151,41.37784000,-79.36837700
Lightstreet,0,41.04305500,-76.42083300
Ligonier,9107,40.24312700,-79.23753200
Lilly,3865,40.42590500,-78.62001700
Limekiln,0,40.33635100,-75.80277200
Limeport,0,40.50898700,-75.44712600
Limestone,56,41.12867500,-79.32698600
Lincoln University,7428,39.80836100,-75.92781300
Linden,3267,41.23266600,-77.14000700
Line Lexington,508,40.28927200,-75.26100800
Linesville,5125,41.65616500,-80.42395600
Lionville,0,40.05371600,-75.65993100
Listie,0,40.02813300,-79.01335900
Lititz,36610,40.15731600,-76.30690100
Little Meadows,779,41.99063000,-76.13076000
Littlestown,9698,39.74454400,-77.08803800
Liverpool,3201,40.57480600,-76.98914500
Llewellyn,190,40.67286700,-76.27911500
Lock Haven,18429,41.13701300,-77.44692600
Locust Gap,388,40.77175300,-76.44134300
Locustdale,150,40.77730900,-76.37606100
Loganton,2728,41.03423700,-77.30664000
Loganville,0,39.85565600,-76.70746900
Long Pond,2696,41.05342200,-75.46296300
Lopez,501,41.45257200,-76.33743300
Loretto,3421,40.50312600,-78.63029600
Lost Creek,199,40.80647700,-76.24688700
Lowber,297,40.24590300,-79.77087700
Loyalhanna,657,40.45538400,-79.44788500
Loysburg,332,40.16083300,-78.37527800
Loysville,2364,40.36555600,-77.34472200
Lucernemines,511,40.55665400,-79.15349400
Lucinda,1213,41.30839600,-79.36976600
Ludlow,389,41.72839400,-78.94336900
Lumberville,0,40.40677100,-75.03794700
Lurgan,0,40.09413900,-77.63095100
Luthersburg,978,41.05339400,-78.71919500
Luxor,214,41.20332100,-77.19452400
Luzerne,3002,41.28563600,-75.90103000
Lykens,4362,40.56675200,-76.70052200
Lyndell,0,40.05954800,-75.74465900
Lyndora,1167,40.85228600,-79.92700000
Lyon Station,504,40.48203800,-75.75769400
Mackeyville,121,41.05451200,-77.46137500
Macungie,14276,40.51593000,-75.55518500
Madera,1088,40.82839300,-78.43502000
Madison,551,40.24729200,-79.67726400
Madisonburg,256,40.92617700,-77.51721500
Mahaffey,1851,40.87284100,-78.72419600
Mahanoy City,5725,40.81258800,-76.14160300
Mahanoy Plane,380,40.79453200,-76.24188800
Mainesburg,694,41.78396300,-76.99829800
Mainland,0,40.25593700,-75.36017500
Malvern,22605,40.03621800,-75.51381100
Mammoth,0,40.20090400,-79.46309200
Manchester,6840,40.06315100,-76.71830000
Manheim,19225,40.16342700,-76.39496100
Manns Choice,1754,40.00258100,-78.59113000
Manor,1344,40.33395800,-79.67004300
Manorville,401,40.78728600,-79.51976700
Mansfield,7295,41.80729600,-77.07746800
Mapleton Depot,1577,40.39537900,-77.94121700
Mar Lin,343,40.67842300,-76.24522400
Marble,486,41.80793700,-79.83377000
Marchand,0,40.85756400,-79.02281100
Marcus Hook,27365,39.81275000,-75.41637300
Marianna,1793,40.02479500,-80.10005600
Marienville,1732,41.46895100,-79.12309500
Marietta,6196,40.05704100,-76.55218800
Marion,630,39.85731400,-77.69527000
Marion Center,2945,40.77006400,-79.05003400
Marion Heights,755,40.80425300,-76.46495300
Markleton,875,39.85979100,-79.22923300
Markleysburg,1806,39.73313300,-79.45281600
Mars,9786,40.69589900,-80.01172500
Marshalls Creek,0,41.04315000,-75.12740000
Marsteller,129,40.65062000,-78.81186700
Martin,119,39.80646600,-79.90977700
Martindale,0,40.36007400,-78.63224000
Martins Creek,553,40.78343000,-75.18628800
Martinsburg,5674,40.31118700,-78.32417900
Mary D,283,40.76008900,-76.05604300
Marysville,4745,40.34258700,-76.92997400
Masontown,4605,39.84674300,-79.89977500
Matamoras,3873,41.36870400,-74.70016300
Mather,758,39.93479700,-80.07366800
Mattawana,0,40.49618600,-77.72943700
Maxatawny,0,40.54259500,-75.68880100
Mayport,1607,41.03336300,-79.25078600
Maytown,0,40.07537300,-76.58218800
Mc Alisterville,3132,40.63619000,-77.27470900
Mc Clellandtown,2494,39.88478500,-79.86599000
Mc Clure,4691,40.70702000,-77.31443300
Mc Connellsburg,4678,39.93258900,-77.99889000
Mc Connellstown,0,40.45327800,-78.08149000
Mc Donald,11259,40.37003600,-80.23286100
Mc Elhattan,109,41.15979200,-77.36136500
Mc Ewensville,314,41.07286200,-76.81773900
Mc Grann,271,40.78145300,-79.52143300
Mc Intyre,158,40.56978800,-79.29559300
Mc Kean,3987,40.80136200,-77.85535900
Mc Kees Rocks,22537,40.46562400,-80.06561000
Mc Knightstown,131,39.87064900,-77.32554100
Mc Sherrystown,3386,39.80732100,-77.01136900
Mc Veytown,4520,40.49924100,-77.74138100
Mcadoo,3189,40.90083300,-75.99194400
Mcgees Mills,1851,40.88173000,-78.76253000
Mckeesport,47702,40.34784700,-79.86421500
Meadow Lands,62,40.21923700,-80.22061400
Meadville,28883,41.64144300,-80.15144800
Mechanicsburg,59235,40.21425600,-77.00858700
Mechanicsville,0,40.96647500,-76.58662000
Media,37327,39.91772700,-75.38877200
Mehoopany,1676,41.56304200,-76.06104300
Melcroft,413,40.05180700,-79.39109800
Mendenhall,0,39.85399900,-75.64132000
Mentcle,155,40.63770300,-78.88641400
Mercer,13253,41.22700200,-80.23978500
Mercersburg,7899,39.82786900,-77.90333100
Merion Station,5951,39.99760000,-75.24950000
Merrittstown,0,39.97285200,-79.87754700
Mertztown,4252,40.50583000,-75.66583000
Meshoppen,3225,41.61424200,-76.04659100
Mexico,0,40.53757900,-77.35332100
Meyersdale,6326,39.81369300,-79.02474800
Middleburg,7642,40.78591600,-77.04720200
Middlebury Center,1256,41.84368400,-77.27442000
Middleport,458,40.72953400,-76.08549000
Middletown,21556,40.19981400,-76.73108000
Midland,4747,40.25888900,-80.21833300
Midway,982,39.80843200,-77.00275800
Mifflin,1873,40.56952100,-77.40276700
Mifflinburg,9583,40.91758200,-77.04775000
Mifflintown,7065,40.56979900,-77.39693300
Mifflinville,1213,41.03230700,-76.30799300
Milan,1112,41.90757400,-76.52327700
Milanville,399,41.67147700,-75.06516800
Mildred,430,41.47813100,-76.37827300
Milesburg,1187,40.94172700,-77.78500200
Milford,11477,41.32231600,-74.80238800
Milford Square,0,40.43704500,-75.39879000
Mill Creek,1222,40.43563100,-77.93083300
Mill Hall,6736,41.10729000,-77.48443000
Mill Run,1532,39.94957700,-79.45283500
Mill Village,269,41.87644400,-79.97144100
Millersburg,6852,40.53952800,-76.96081000
Millerstown,3791,40.54952600,-77.15470500
Millersville,9580,39.99787600,-76.35412700
Millerton,2445,41.98340700,-76.93857300
Millheim,831,40.89090000,-77.47665800
Millmont,2155,40.88591200,-77.14080900
Millrift,224,41.41081200,-74.74422500
Mills,124,41.94617900,-77.68637900
Millsboro,295,39.98674000,-79.99366300
Millville,3634,41.12036300,-76.52994900
Milnesville,112,40.99036100,-75.98270200
Milroy,3483,40.71395600,-77.59055100
Milton,11521,41.01202900,-76.84774100
Mineral Point,2055,40.37951700,-78.83530100
Mineral Springs,313,39.90652800,-78.98704500
Minersville,4686,40.69064500,-76.26216900
Mingoville,58,40.93228500,-77.64805300
Minisink Hills,186,41.00286900,-75.13673400
Modena,610,39.96215000,-75.80248900
Mohnton,11144,40.28592500,-75.98438000
Mohrsville,3561,40.47432700,-75.98027100
Monaca,13828,40.68728800,-80.27145000
Monessen,8678,40.14840500,-79.88782500
Monocacy Station,0,40.25980400,-75.77014400
Monongahela,12275,40.20312600,-79.92616000
Monroeton,1716,41.71257500,-76.47466400
Monroeville,29394,40.42117900,-79.78810200
Mont Alto,1758,39.84425900,-77.55832300
Mont Clare,1608,40.13888900,-75.50277800
Montandon,624,40.96536300,-76.85079800
Montgomery,5741,41.17035900,-76.87690700
Montgomeryville,5,40.24732900,-75.24378500
Montoursville,12181,41.25424500,-76.92051900
Montrose,8520,41.83396500,-75.87713800
Moosic,5474,41.35341300,-75.73824700
Morann,176,40.78644800,-78.36696200
Morgan,340,40.35423600,-80.13977800
Morgantown,3750,40.15500000,-75.89027800
Morris,811,41.59500000,-77.29250000
Morris Run,309,41.67729600,-77.01802100
Morrisdale,3916,40.94723500,-78.22773800
Morrisville,53212,40.21149700,-74.78793900
Morton,7257,39.90983400,-75.32352100
Moscow,12435,41.33674900,-75.51851900
Moshannon,528,41.03222200,-78.00527800
Mount Aetna,161,40.41925800,-76.29523000
Mount Bethel,3569,40.90403400,-75.11257200
Mount Braddock,0,39.94285300,-79.64448500
Mount Carmel,8174,40.79703100,-76.41189600
Mount Gretna,602,40.24759200,-76.46941000
Mount Holly Springs,3732,40.11842300,-77.18998100
Mount Jewett,1284,41.72561800,-78.63835900
Mount Joy,14224,40.10981800,-76.50329900
Mount Morris,1966,39.73134600,-80.06734500
Mount Pleasant,16451,40.14896000,-79.54114900
Mount Pleasant Mills,2805,40.72314000,-77.01581500
Mount Pocono,3255,41.12203300,-75.36462800
Mount Union,5451,40.38452100,-77.88221900
Mount Wolf,4425,40.06315100,-76.70385600
Mountain Top,14213,41.16952600,-75.87741900
Mountainhome,0,41.17370100,-75.27101500
Mountville,5527,40.03926400,-76.43079600
Muir,224,40.59231000,-76.51857200
Muncy,11955,41.20563700,-76.78551500
Muncy Valley,998,41.34257900,-76.58522800
Munson,342,40.95414000,-78.17110500
Murrysville,12723,40.42840100,-79.69754500
Muse,670,40.29284700,-80.20033500
Myerstown,12397,40.37453600,-76.30273100
Nanticoke,14185,41.20535900,-76.00492300
Nanty Glo,5094,40.47222000,-78.83361000
Narberth,9824,40.00844500,-75.26046000
Narvon,6854,40.10287600,-75.97772200
Natrona Heights,11996,40.62339900,-79.72977000
Nazareth,21384,40.74037500,-75.30962300
Needmore,1809,39.84592200,-78.14472900
Neelyton,220,40.16153300,-77.82487500
Neffs,0,40.69453900,-75.60963000
Nelson,587,41.97840600,-77.23608700
Nemacolin,1034,39.87840900,-79.92477500
Nescopeck,3831,41.05202900,-76.22076700
Nesquehoning,3898,40.86453400,-75.81102700
New Albany,1924,41.60007500,-76.44188600
New Alexandria,3970,40.39348600,-79.41836200
New Baltimore,168,39.98591400,-78.77279800
New Bedford,215,41.09728000,-80.50479100
New Berlin,940,40.87897300,-76.98691700
New Berlinville,221,40.34537400,-75.63296300
New Bethlehem,5075,41.00173100,-79.33142900
New Bloomfield,3911,40.41833300,-77.18833300
New Brighton,14114,40.73034300,-80.31006200
New Buffalo,123,40.45425100,-76.96969800
New Castle,57926,41.00367100,-80.34700900
New Columbia,3363,41.04091700,-76.86690800
New Cumberland,14398,40.23231200,-76.88469500
New Derry,986,40.34999800,-79.28118100
New Eagle,2272,40.20784800,-79.94699400
New Enterprise,1912,40.17035600,-78.40695900
New Florence,3487,40.38034900,-79.07530800
New Freedom,6925,39.73788100,-76.70136000
New Freeport,919,39.75980300,-80.42563000
New Galilee,1863,40.83561800,-80.39950900
New Geneva,0,39.78841000,-79.90922200
New Germantown,0,40.30897200,-77.56971100
New Holland,12821,40.10176400,-76.08522700
New Hope,13199,40.36427200,-74.95127800
New Kensington,41690,40.56978900,-79.76477000
New Kingstown,84,40.23314400,-77.07970000
New London,0,39.78250000,-75.87583300
New Milford,3431,41.87257800,-75.72713100
New Millport,292,40.89268100,-78.53926100
New Oxford,11801,39.86370800,-77.05581400
New Paris,2715,40.10646800,-78.64474100
New Park,1145,39.73484000,-76.50769000
New Philadelphia,1616,40.71953400,-76.11577000
New Providence,4768,39.92627300,-76.19879200
New Ringgold,3122,40.68592400,-75.99909700
New Salem,3087,40.98812100,-79.24420500
New Stanton,3356,40.21923700,-79.60948400
New Tripoli,5049,40.68092700,-75.75185700
New Wilmington,6240,41.12228100,-80.33284200
Newburg,3126,40.13730900,-77.55471000
Newell,551,40.07562800,-79.89810300
Newfoundland,1933,41.30722200,-75.32027800
Newmanstown,4299,40.34953600,-76.21328200
Newport,7051,40.47786100,-77.13053700
Newry,249,40.39368400,-78.43556900
Newton Hamilton,272,40.39174400,-77.83694000
Newtown,27121,40.22927500,-74.93683300
Newtown Square,16203,39.98666700,-75.40138900
Newville,11507,40.17314300,-77.39859600
Nicholson,3564,41.62618800,-75.78046900
Nicktown,721,40.61340100,-78.80335900
Nineveh,133,41.26385500,-79.60166900
Normalville,2570,39.99868500,-79.44809100
Norristown,79507,40.12149700,-75.33990400
North Apollo,1426,40.59617600,-79.55559900
North Bend,477,41.35006700,-77.70220800
North East,14161,41.20332100,-77.19452400
North Springfield,0,41.99444400,-80.42527800
North Versailles,11053,40.37979100,-79.80949100
North Wales,24387,40.21094000,-75.27823100
North Washington,0,40.53284400,-79.59782200
Northampton,15953,40.68620700,-75.49685000
Northern Cambria,6001,40.65923400,-78.78169300
Northpoint,32,40.90332400,-79.13127100
Northumberland,7436,40.89175100,-76.79746500
Norvelt,459,40.20812600,-79.49753800
Norwood,5985,39.89177900,-75.29963000
Nottingham,4873,39.74904300,-76.01797500
Noxen,1486,41.42931000,-76.06285900
Nu Mine,396,40.79617500,-79.28309400
Numidia,0,40.88064200,-76.40217000
Nuremberg,704,40.93953000,-76.17160000
Oak Ridge,239,40.84950400,-78.49641100
Oakdale,9287,40.39812400,-80.18561300
Oakland Mills,119,40.61452200,-77.31693200
Oakmont,6911,40.52173400,-79.84227100
Oaks,0,40.13177200,-75.45963100
Ohiopyle,1176,39.87174200,-79.49226000
Oil City,17758,41.43394800,-79.70644100
Olanta,782,40.91672500,-78.50641200
Old Forge,8798,41.37119000,-75.73491400
Old Zionsville,0,40.48648600,-75.52018400
Oley,3720,40.38759300,-75.78964000
Oliveburg,156,40.99089700,-79.02642300
Oliver,320,39.91868700,-79.71782000
Olyphant,9803,41.46841300,-75.60296500
Oneida,175,40.90758600,-76.12548800
Ono,203,40.40286800,-76.53468700
Orangeville,2802,41.07814100,-76.41438700
Orbisonia,1625,40.24285800,-77.89305200
Orefield,6585,40.63481800,-75.58435200
Oreland,7243,40.11844300,-75.17767500
Orrstown,2631,40.05870000,-77.60998900
Orrtanna,3027,39.84509400,-77.36081900
Orson,0,41.81369400,-75.44795800
Orviston,86,41.10724300,-77.75242600
Orwigsburg,6650,40.65481300,-76.10077100
Osceola,893,41.98449700,-77.34462000
Osceola Mills,3087,40.85005800,-78.27057000
Osterburg,1404,40.16991000,-78.51963800
Ottsville,3645,40.47380500,-75.16226200
Oxford,13340,39.78538600,-75.97883400
Palm,300,40.42796300,-75.53436300
Palmerton,259,40.80148200,-75.61018600
Palmyra,525,40.30897900,-76.59330100
Paoli,6804,40.04235000,-75.49275100
Paradise,3854,40.00982200,-76.12856500
Parker,3245,41.09589500,-79.68254800
Parker Ford,196,40.19954400,-75.58379800
Parkesburg,6294,39.95871600,-75.91939200
Parkhill,0,40.36118400,-78.87085700
Parryville,478,40.81814800,-75.67268800
Patton,3907,40.63395600,-78.65030000
Paupack,254,41.39620000,-75.19628700
Paxinos,1350,40.85064100,-76.58051200
Paxtonville,189,40.77036000,-77.08359300
Peach Bottom,3622,39.75093800,-76.22578800
Peach Glen,0,40.02314700,-77.22998200
Peckville,5410,41.47646900,-75.57324200
Pen Argyl,6506,40.86870600,-75.25490200
Penfield,1457,41.20833300,-78.57583300
Penn,1347,41.20332100,-77.19452400
Penn Run,1692,40.61912900,-79.01136800
Penns Creek,639,40.85980400,-77.05525300
Penns Park,0,40.26594100,-74.99794600
Pennsburg,6975,40.39093200,-75.49212400
Pennsylvania Furnace,2002,40.70535300,-78.00238800
Penryn,0,40.20509300,-76.36829300
Pequea,2315,39.88733700,-76.36509700
Perkasie,21214,40.37204800,-75.29267600
Perkiomenville,5701,40.32426700,-75.47795600
Perryopolis,3691,40.08701800,-79.75059700
Petersburg,2209,40.57256900,-78.04694900
Petrolia,1625,41.01672900,-79.71754900
Philadelphia,1547297,39.95233500,-75.16378900
Philipsburg,8425,40.89644600,-78.22056800
Phoenixville,32944,40.13038200,-75.51491200
Picture Rocks,693,41.27980200,-76.71301100
Pillow,304,40.64091800,-76.80246900
Pine Forge,0,40.28287200,-75.69074300
Pine Grove,8920,40.54842300,-76.38467800
Pine Grove Mills,0,40.73367300,-77.88555600
Pineville,0,41.63200500,-79.50532600
Pipersville,6336,40.42538100,-75.13933900
Pitcairn,3695,40.40312400,-79.77810200
Pitman,764,40.71508600,-76.52079200
Pittsburgh,736800,40.44062400,-79.99588600
Pittsfield,2165,41.83596800,-79.38076000
Pittston,37883,41.32591300,-75.78936000
Plainfield,158,40.20314300,-77.28998300
Pleasant Hall,0,40.05314400,-77.65387900
Pleasant Mount,1028,41.74001700,-75.45649700
Pleasant Unity,570,40.23951400,-79.45087000
Pleasantville,2039,41.59228200,-79.57949400
Plumsteadville,0,40.38732600,-75.14656100
Plumville,326,40.79312000,-79.18059200
Plymouth,9704,41.24035900,-75.94464200
Plymouth Meeting,13692,40.10233100,-75.27434600
Pocono Lake,3034,41.10564400,-75.47499900
Pocono Lake Preserve,0,41.10065100,-75.52912500
Pocono Manor,125,41.10008900,-75.35879400
Pocono Pines,1489,41.11472200,-75.46027700
Pocono Summit,2131,41.11120000,-75.38629500
Pocopson,0,39.90038700,-75.62576500
Point Marion,2501,39.73896700,-79.89866800
Point Pleasant,0,40.42260400,-75.06628100
Polk,2713,41.36700100,-79.92922300
Pomeroy,173,39.96427200,-75.88661400
Port Allegany,4384,41.81089800,-78.27973500
Port Carbon,2271,40.69647800,-76.16883000
Port Clinton,286,40.58231400,-76.02437900
Port Matilda,5099,40.79950400,-78.05417300
Port Royal,2987,40.53341200,-77.38554400
Port Trevorton,2506,40.68638800,-76.88694400
Portage,7187,40.38868400,-78.67224100
Porters Sideling,0,39.82686600,-76.89350100
Portersville,3359,40.92284100,-80.14228200
Portland,579,40.92315200,-75.09656500
Pottersdale,97,41.16589300,-78.06250400
Potts Grove,113,40.24537400,-75.64963000
Pottstown,56268,40.24537400,-75.64963000
Pottsville,26401,40.68564500,-76.19549900
Poyntelle,0,41.82064000,-75.41990100
Presto,713,40.37361100,-80.11805600
Preston Park,82,41.88119500,-75.36759900
Pricedale,111,40.13146100,-79.84421200
Prompton,433,41.58286400,-75.32517800
Prospect,2166,40.90450800,-80.04644700
Prospect Park,6665,39.88789000,-75.30824200
Prosperity,2106,40.04701700,-80.29478500
Pulaski,3058,41.11249500,-80.43346400
Punxsutawney,14400,40.94367500,-78.97086600
Quakake,719,40.85175400,-76.03604000
Quakertown,31084,40.44176800,-75.34156600
Quarryville,10715,39.89704700,-76.16356500
Quecreek,0,40.08979800,-79.07919400
Queen,194,40.25924300,-78.50751500
Quentin,118,40.27953600,-76.43829600
Quincy,0,39.80389000,-77.57489000
Railroad,300,40.52127400,-80.12914200
Ralston,259,41.50646400,-76.95413100
Ramey,525,40.79811500,-78.39724100
Ransom,125,41.39424500,-75.82186100
Ravine,0,40.57453300,-76.40384500
Reading,190787,40.33564800,-75.92687400
Reamstown,0,40.21148200,-76.12327900
Rebersburg,1325,40.94451200,-77.44498800
Rebuck,149,40.72021100,-76.72946200
Rector,600,40.19430200,-79.24201200
Red Hill,2384,40.37287700,-75.48101300
Red Lion,18198,39.90093300,-76.60580000
Reeders,0,41.01632700,-75.33744000
Reedsville,4062,40.66395800,-77.59582800
Refton,0,39.94732200,-76.23273400
Rehrersburg,675,40.45759200,-76.24439400
Reinholds,5019,40.26675800,-76.11549900
Renfrew,3632,40.80673100,-79.96478000
Reno,417,41.40978100,-79.75227500
Renovo,2673,41.32645500,-77.75082000
Republic,1536,39.96257500,-79.87671400
Revere,0,40.51538000,-75.16100700
Revloc,610,40.49229300,-78.76418800
Rew,294,41.90145200,-78.53918900
Rexmont,0,40.27731400,-76.38246000
Reynoldsville,6559,41.09700700,-78.88864300
Rheems,296,40.13009400,-76.57052200
Rices Landing,1540,39.94535200,-79.99560900
Riceville,0,41.77755700,-79.80283000
Richboro,10349,40.21510800,-75.01072400
Richeyville,734,40.05340600,-80.00199600
Richfield,2426,40.68869300,-77.11276100
Richland,2642,40.35925800,-76.25828400
Richlandtown,1181,40.47010100,-75.32045500
Riddlesburg,147,40.16202400,-78.25445600
Ridgway,7360,41.42033900,-78.72863800
Ridley Park,11278,39.88122300,-75.32379900
Riegelsville,2482,40.59692400,-75.19779700
Rillton,322,40.28923600,-79.73115500
Rimersburg,3727,41.04145200,-79.50310000
Ringgold,287,40.99445000,-79.16761000
Ringtown,2558,40.85869800,-76.22966200
Riverside,1083,40.95536400,-76.62884500
Rixford,572,41.92617500,-78.49418800
Roaring Branch,1006,41.56613500,-76.95529200
Roaring Spring,5023,40.33590800,-78.39084700
Robertsdale,759,40.18263600,-78.11400600
Robesonia,5002,40.35175900,-76.13438900
Robinson,483,40.45805500,-80.12833300
Rochester,9887,40.70228800,-80.28645000
Rochester Mills,957,40.81867500,-78.98558800
Rock Glen,251,40.96536300,-76.18437800
Rockhill Furnace,414,40.24174700,-77.89971900
Rockton,894,41.07561500,-78.65308200
Rockwood,3740,40.38036900,-76.45107300
Rogersville,190,39.88118600,-80.27284500
Rome,3367,41.85840800,-76.34076900
Ronco,321,39.86979800,-79.92033100
Ronks,3874,40.02626000,-76.16880800
Roscoe,901,40.07951700,-79.86560100
Rossiter,1800,40.89450800,-78.93114300
Rossville,0,41.86562900,-76.95746300
Roulette,1342,41.78006500,-78.15389700
Rouseville,472,41.46894800,-79.69088500
Rouzerville,0,39.73676000,-77.53499000
Rowland,82,41.47120000,-75.04211400
Roxbury,0,39.94740700,-78.90449500
Royersford,21427,40.18426800,-75.53796300
Ruffs Dale,3230,40.17255000,-79.60797100
Rural Ridge,179,40.58562200,-79.82866100
Rural Valley,2089,40.79923100,-79.31448400
Rushland,0,40.25760700,-75.03072400
Russell,3747,41.94138900,-79.13527800
Russellton,931,40.61145500,-79.83699500
Sabinsville,557,41.86784800,-77.52526200
Sacramento,430,40.63453000,-76.58885100
Sadsburyville,397,39.98177100,-75.89133700
Saegertown,5573,41.71894400,-80.14755800
Sagamore,361,40.02967400,-79.39653000
Saint Benedict,491,40.62756800,-78.72946900
Saint Boniface,0,40.66673300,-78.68085800
Saint Clair,3524,40.72040800,-76.19081200
Saint Johns,0,41.02813800,-76.00603600
Saint Marys,14568,41.42118100,-78.55819700
Saint Michael,0,40.33701900,-78.77085400
Saint Peters,0,40.18009700,-75.73075400
Saint Petersburg,437,41.16083300,-79.65388800
Saint Thomas,3546,39.91626700,-77.80105600
Salford,0,40.29603600,-75.45343800
Salfordville,0,40.29343500,-75.43295400
Salina,279,40.52173200,-79.49809800
Salisbury,2460,39.75285900,-79.08086000
Salix,1655,40.30000000,-78.76556000
Salona,65,41.08423400,-77.46304000
Saltillo,343,40.21063500,-78.00666800
Saltsburg,4689,40.48645500,-79.45142900
Sandy Lake,2796,41.34866700,-80.08228200
Sandy Ridge,329,40.81478000,-78.23556900
Sarver,7827,40.73138900,-79.74611100
Sassamansville,220,40.34204200,-75.57212700
Saxonburg,4948,40.75395300,-79.81005300
Saxton,3076,40.21535700,-78.24445600
Saylorsburg,11057,40.89555600,-75.32388900
Sayre,10811,41.97896300,-76.51549900
Scenery Hill,1920,40.08590500,-80.07033200
Schaefferstown,927,40.29842500,-76.29439800
Schellsburg,1759,40.04896900,-78.64418500
Schenley,0,40.68450900,-79.66171400
Schnecksville,6326,40.67555500,-75.61611100
Schuylkill Haven,11014,40.63064600,-76.17105400
Schwenksville,12899,40.25621300,-75.46378700
Sciota,1028,40.92953700,-75.31601500
Scotland,87,39.96870200,-77.58721100
Scotrun,1744,41.06275200,-75.31765700
Scottdale,8396,40.10035000,-79.58698300
Scranton,95430,41.40896900,-75.66241200
Seanor,0,40.21202000,-78.89835700
Selinsgrove,15345,40.79897300,-76.86219300
Sellersville,11485,40.35399200,-75.30489800
Seltzer,307,40.69536700,-76.23383400
Seminole,78,40.95478700,-79.34281800
Seneca,3276,41.37867100,-79.70394000
Seven Valleys,4636,39.85565600,-76.76858200
Seward,2764,40.41423700,-79.02002900
Sewickley,16518,40.53645600,-80.18450300
Shade Gap,1043,40.18091600,-77.86582900
Shady Grove,0,39.77787100,-77.66860300
Shamokin,10006,40.78897400,-76.55884700
Shamokin Dam,0,40.84869500,-76.81968900
Shanksville,245,40.01785700,-78.90724500
Sharon,16371,41.23311100,-80.49340300
Sharon Hill,8923,39.90650100,-75.27157300
Sharpsville,9130,41.25922200,-80.47201400
Shartlesville,260,40.51287000,-76.10438500
Shavertown,8784,41.31980200,-75.93797600
Shawanese,0,41.35146800,-76.03409000
Shawnee On Delaware,176,41.01231700,-75.11073300
Shawville,0,41.06922400,-78.35807200
Sheakleyville,164,41.44283200,-80.20784000
Sheffield,2438,41.70394900,-79.03559500
Shelocta,3234,40.65589800,-79.30198300
Shenandoah,7864,40.82036500,-76.20077300
Sheppton,630,40.89611100,-76.11833300
Shermans Dale,5354,40.32554600,-77.17392700
Shickshinny,6665,41.15313800,-76.15020700
Shinglehouse,3187,41.96367600,-78.19084300
Shippensburg,23246,40.05064500,-77.52026400
Shippenville,3564,41.25033900,-79.45949000
Shippingport,0,40.63201000,-80.41395300
Shirleysburg,767,40.29785700,-77.87416300
Shoemakersville,4380,40.50092600,-75.96993300
Shohola,2240,41.47080600,-74.91841100
Shrewsbury,4789,39.76871300,-76.67969300
Shunk,343,41.54553600,-76.74301900
Sidman,3280,40.32965500,-78.74758900
Sigel,1188,41.27500000,-79.11333300
Silver Spring,0,40.24759200,-77.03341700
Silverdale,489,40.34760400,-75.27100800
Sinnamahoning,160,41.31916700,-78.09666700
Sipesville,0,40.09924200,-79.09113900
Six Mile Run,1195,40.16290400,-78.18149900
Skippack,706,40.22288200,-75.39878800
Skytop,87,41.22786800,-75.23823600
Slate Run,0,41.47284600,-77.50164700
Slatedale,256,40.74453900,-75.65657600
Slatington,11609,40.74842800,-75.61185200
Slickville,723,40.45978800,-79.52309700
Sligo,2076,41.10922900,-79.49004500
Slippery Rock,13049,41.06395000,-80.05644600
Slovan,417,40.35923500,-80.38978600
Smethport,4146,41.81117400,-78.44474100
Smicksburg,1743,40.86978700,-79.17087000
Smithfield,6473,39.80313200,-79.80782800
Smithmill,489,40.75982500,-78.41986000
Smithton,1969,40.15396100,-79.74115300
Smock,2382,39.99813100,-79.78309700
Smokerun,183,40.79478200,-78.42752000
Smoketown,119,40.03926500,-76.19939900
Snow Shoe,1367,41.03089100,-77.94944800
Snydersburg,0,41.33284000,-79.35559900
Snydertown,0,40.88008500,-76.66579300
Solebury,0,40.38066100,-75.00822400
Somerset,17155,40.00841100,-79.07808300
Souderton,12451,40.31177000,-75.32517500
South Canaan,119,41.50536200,-75.41212500
South Fork,3381,40.36729600,-78.79141000
South Gibson,201,41.73424600,-75.63018700
South Heights,542,40.57367800,-80.23561500
South Montrose,0,41.79729800,-75.89130600
South Mountain,0,39.84648100,-77.48776600
South Park,11458,40.29695000,-79.99386400
South Sterling,318,41.26425400,-75.34796000
Southampton,39779,40.17427500,-75.04378100
Southeastern,0,40.07029400,-75.42947900
Southview,205,40.32784700,-80.25894800
Southwest,461,40.19895900,-79.52087100
Spangler,1386,40.64516400,-78.77327600
Spartansburg,2869,41.82394600,-79.68366200
Spinnerstown,0,40.43898800,-75.43712400
Spraggs,731,39.78063300,-80.21618000
Sprankle Mills,58,41.00200900,-79.11364700
Spring Church,1322,40.60617600,-79.48893100
Spring City,9718,40.17676800,-75.54768700
Spring Creek,605,41.87631200,-79.52468100
Spring Glen,324,40.62619700,-76.62079600
Spring Grove,11498,39.87454300,-76.86580700
Spring House,0,40.18538600,-75.22767500
Spring Mills,3524,40.85339900,-77.56749500
Spring Mount,270,40.27565700,-75.45656500
Spring Run,1301,40.14203000,-77.77360400
Springboro,2157,41.80061100,-80.36895300
Springdale,4648,40.54090000,-79.78393700
Springfield,24153,39.93066700,-75.32018700
Springs,181,39.73346300,-79.14862000
Springtown,173,41.11188100,-76.85318800
Springville,1656,41.69757600,-75.91769700
Sproul,113,40.27257600,-78.46057000
Spruce Creek,562,40.61273200,-78.13754300
St Clairsville,1404,40.15611100,-78.51055500
Stahlstown,1546,40.15243900,-79.33217600
Star Junction,788,40.06257400,-79.76365200
Starford,121,40.70087100,-78.96025100
Starlight,438,41.90508500,-75.33100800
Starrucca,520,41.89980500,-75.47073500
State College,59820,40.79339400,-77.86000100
State Line,0,39.72508600,-78.76751800
Sterling,0,41.34119700,-75.38990400
Stevens,6924,40.89250000,-77.83250000
Stevensville,379,41.76063000,-76.17631900
Stewartstown,8332,39.75371400,-76.59135700
Stillwater,1262,41.14897300,-76.36577400
Stockdale,664,40.08340600,-79.84810100
Stockertown,556,40.75398600,-75.26212200
Stoneboro,2440,41.33922300,-80.10506000
Stoystown,3422,40.10335100,-78.95526500
Strabane,818,40.25090300,-80.19783500
Strasburg,5679,39.98315500,-76.18412200
Strattanville,1754,41.20228500,-79.32754200
Strausstown,339,40.49231400,-76.18300100
Strongstown,336,40.55284600,-78.92169400
Stroudsburg,26654,40.98676000,-75.19462400
Stump Creek,389,41.01256200,-78.83725400
Sturgeon,344,40.38479100,-80.21089100
Sugar Grove,2898,41.98255600,-79.33866100
Sugar Run,889,41.64118600,-76.24018900
Sugarloaf,3622,41.01675100,-76.12631900
Summerdale,444,40.30897700,-76.92747400
Summerhill,2376,40.37812900,-78.76057600
Summerville,1938,41.11617500,-79.18670500
Summit Hill,2974,40.82481200,-75.87103100
Summit Station,213,40.56398000,-76.20439000
Sumneytown,0,40.32899000,-75.45101100
Sunbury,17303,40.86258500,-76.79441000
Suplee,0,40.09954400,-75.87910600
Susquehanna,5675,41.94341400,-75.59962700
Sutersville,801,40.23618100,-79.79921200
Swarthmore,9907,39.90205600,-75.34991200
Sweet Valley,2204,41.28222200,-76.14500000
Swengel,0,40.89154400,-77.12735800
Swiftwater,789,41.09536800,-75.32490500
Sybertsville,95,41.00147300,-76.07631700
Sycamore,777,39.92781400,-80.24372900
Sykesville,1335,41.05034000,-78.82225300
Sylvania,0,41.80507400,-76.85690300
Tafton,941,41.40453400,-75.18295300
Talmage,0,40.00009900,-76.21329000
Tamaqua,11473,40.79731100,-75.96937000
Tamiment,0,41.13977800,-75.02101100
Tannersville,2784,41.04000000,-75.30611100
Tarentum,10542,40.60145500,-79.75977000
Tarrs,771,40.17007100,-79.59809500
Tatamy,930,40.74093000,-75.25712200
Taylor,5382,41.395097,-75.706701
Taylorstown,0,40.15979400,-80.37812000
Telford,14736,40.32204800,-75.32795300
Temple,6740,40.37724700,-75.92049100
Templeton,2089,40.92000100,-79.45692700
Terre Hill,1006,40.15731700,-76.05050000
Thomasville,3647,39.92814300,-76.85739100
Thompson,1451,41.86369300,-75.51434800
Thompsontown,2237,40.56452500,-77.23720700
Thorndale,1298,39.99288400,-75.74522200
Thornton,3631,39.90733200,-75.53159200
Three Springs,2338,40.19508100,-77.98305600
Tidioute,1840,41.68506000,-79.40310300
Timblin,160,40.96645400,-79.19809300
Tioga,2509,41.90868400,-77.13302600
Tiona,282,41.74700500,-79.06726200
Tionesta,3220,41.49534000,-79.45587900
Tipton,0,40.63589800,-78.29584700
Tire Hill,0,40.26868600,-78.91585800
Titusville,12177,41.62700300,-79.67366300
Tobyhanna,12204,41.10467400,-75.55096000
Todd,305,40.26007800,-78.07639300
Topton,2348,40.50342800,-75.70130200
Torrance,516,40.41729100,-79.22281200
Toughkenamon,1181,39.83149800,-75.75743900
Towanda,9333,41.76757500,-76.44271800
Tower City,3209,40.58925400,-76.55246200
Townville,1422,41.67783500,-79.87977600
Trafford,8084,40.38562400,-79.75893400
Transfer,3030,41.32894400,-80.43284600
Treichlers,228,40.73426200,-75.54379500
Tremont,2738,40.62842200,-76.38717600
Tresckow,861,40.91341900,-75.96659100
Trevorton,2010,40.78119600,-76.67301800
Trexlertown,716,40.54815100,-75.60574300
Trout Run,3547,41.38611100,-77.05722200
Troutville,224,41.02561700,-78.78530800
Troxelville,127,40.80313300,-77.20526000
Troy,5037,41.78590700,-76.78801100
Trumbauersville,173,40.41065600,-75.37823300
Tunkhannock,12422,41.53868700,-75.94658800
Turbotville,2226,41.10202800,-76.77107100
Turkey City,0,41.18533900,-79.61338100
Turtle Creek,7974,40.40590200,-79.82504700
Turtlepoint,516,41.87041100,-78.34102600
Tuscarora,431,40.77008900,-76.03743100
Twin Rocks,0,40.49673700,-78.86585800
Tyler Hill,309,41.69508800,-75.10794700
Tylersburg,77,41.38478500,-79.32226500
Tylersport,0,40.34954600,-75.38101000
Tylersville,0,40.99062300,-77.42498500
Tyrone,13026,40.67061800,-78.23862400
Uledi,90,39.89618700,-79.79032400
Ulster,2006,41.84590800,-76.50188700
Ulysses,1935,41.90395600,-77.76193700
Union City,8391,41.89950000,-79.84532900
Union Dale,2242,41.71674900,-75.49212800
Uniontown,36374,39.90007600,-79.71643200
Unionville,283,40.90728200,-77.87555800
United,252,40.21840300,-79.48781500
Unity House,0,41.15046200,-75.01006000
Unityville,1142,41.23313900,-76.51578200
University Park,9172,40.79865300,-77.85822900
Upper Black Eddy,3656,40.56537900,-75.09961700
Upper Darby,38348,39.92833300,-75.27416700
Upperstrasburg,176,40.03152100,-77.79897200
Ursina,136,39.81757700,-79.32781100
Utica,1028,41.43561000,-79.95728000
Uwchland,0,40.06261200,-75.65419900
Valencia,6967,40.67478800,-79.98950200
Valier,138,40.91370000,-79.04476900
Valley Forge,0,40.09705000,-75.46963500
Valley View,1542,39.95009800,-76.70107800
Van Voorhis,0,40.15618200,-79.97421700
Vanderbilt,2669,40.03313000,-79.66142800
Vandergrift,9521,40.60284300,-79.56476600
Venango,901,41.77255600,-80.11311200
Venetia,5341,40.24673600,-80.04227500
Venus,1006,41.36672800,-79.47810200
Verona,18442,40.50645700,-79.84310500
Vestaburg,514,40.01618400,-79.98977300
Vicksburg,0,40.93869500,-76.98802500
Villa Maria,124,41.07366900,-80.50729100
Villanova,9189,40.03733200,-75.34907600
Vintondale,631,40.48145900,-78.91863700
Virginville,0,40.52398200,-75.87298000
Volant,3243,41.11367000,-80.25895100
Vowinckel,304,41.40941200,-79.22795100
Wagontown,0,40.01066000,-75.84272400
Wallaceton,350,40.95977900,-78.28890400
Wallingford,11222,39.89094500,-75.36296800
Walnut Bottom,579,40.08953300,-77.40387400
Walnutport,7266,40.75426100,-75.59879700
Walston,216,40.96506400,-78.99475600
Waltersburg,0,39.98035300,-79.76393000
Wampum,3418,40.88811800,-80.33811900
Wapwallopen,3356,41.07452800,-76.13076300
Warfordsburg,2628,39.75175700,-78.18750800
Warminster,37489,40.20677500,-75.09961500
Warren,19659,41.84394800,-79.14504400
Warren Center,710,41.93785200,-76.18076200
Warrendale,284,40.65333300,-80.07972200
Warrington,15679,40.24916700,-75.13444400
Warriors Mark,1554,40.70339500,-78.12973100
Washington,49735,40.17396000,-80.24617100
Washington Boro,2159,39.99259800,-76.46718600
Washington Crossing,3676,40.29344000,-74.87044200
Washingtonville,257,41.05175200,-76.67467900
Waterfall,425,40.12456500,-78.06221800
Waterford,9055,41.94283300,-79.98449600
Waterville,468,41.30979300,-77.36136400
Watsontown,6659,41.08452700,-76.86385200
Wattsburg,3048,42.00366500,-79.81088400
Waverly,668,41.52646600,-75.70546800
Waymart,4994,41.58036200,-75.40823600
Wayne,30892,40.04399800,-75.38769000
Waynesboro,25559,39.75592700,-77.57776900
Waynesburg,15493,39.89646400,-80.17922900
Weatherly,4439,40.94175300,-75.82964000
Webster,174,40.73066300,-75.98828900
Weedville,966,41.27672600,-78.49168700
Weikert,147,40.85840700,-77.29526000
Wellersburg,0,39.73286300,-78.85029800
Wells Tannery,343,40.08935900,-78.16348300
Wellsboro,10178,41.74868300,-77.30053000
Wellsville,2656,40.05148300,-76.93664100
Wendel,0,40.29562500,-79.68643200
Wernersville,7334,40.33009200,-76.08049700
West Alexander,1744,40.10507300,-80.50784700
West Chester,97875,39.96066400,-75.60548800
West Decatur,2453,40.92833300,-78.27833300
West Elizabeth,565,40.27090300,-79.89921500
West Finley,894,39.99313000,-80.46312300
West Grove,10745,39.82205300,-75.82744100
West Hickory,206,41.56867200,-79.40810200
West Lebanon,106,40.60232900,-79.35352300
West Leisenring,373,39.95853800,-79.70134800
West Middlesex,6540,41.17422400,-80.45340200
West Middletown,144,40.24284800,-80.42728800
West Mifflin,21861,40.36340200,-79.86643700
West Milton,676,41.01902000,-76.87154400
West Newton,7672,40.20979300,-79.76698800
West Pittsburg,960,40.93283900,-80.36339800
West Point,0,40.20677300,-75.29934300
West Salisbury,0,39.75424800,-79.09502700
West Springfield,1473,41.94384800,-80.47400700
West Sunbury,2346,41.00728500,-79.89616400
West Willow,0,39.97287700,-76.28801400
Westfield,2987,41.91923600,-77.53887400
Westland,189,40.27729200,-80.27311500
Westmoreland City,746,40.33111100,-79.67722200
Weston,443,41.68285200,-76.50938800
Westover,826,40.75034200,-78.67086000
Westport,156,41.30166700,-77.84055600
Westtown,0,39.93083300,-75.55222200
Wexford,18252,40.62645600,-80.05589100
Wheatland,748,41.20088900,-80.49784700
White,1116,40.07007300,-79.43698000
White Deer,351,41.07591600,-76.87468500
White Haven,5563,41.06064000,-75.77408200
White Mills,643,41.52619900,-75.20350700
Whitehall,25063,40.36118000,-79.99088500
Whitney,412,40.25340300,-79.41031400
Wickhaven,56,40.12312800,-79.77282000
Wiconisco,906,40.57370400,-76.68648500
Widnoon,0,40.95989200,-79.46688100
Wilburton,409,40.81806000,-76.36694000
Wilcox,1425,41.57555600,-78.68861100
Wildwood,0,40.59423400,-79.97005500
Wilkes Barre,77556,41.24591400,-75.88130700
Williamsburg,4368,40.46201700,-78.19973200
Williamson,100,39.85314700,-77.79749500
Williamsport,57295,41.24118900,-77.00107800
Williamstown,2568,40.58008600,-76.61774200
Willow Grove,19398,40.14399800,-75.11572800
Willow Hill,521,40.10770800,-77.79016100
Willow Street,8426,39.97926500,-76.27634700
Wilmerding,2907,40.39090200,-79.81004700
Wilmore,0,40.38868400,-78.71863100
Winburne,284,40.96616800,-78.14501000
Wind Gap,5571,40.84815000,-75.29156900
Wind Ridge,920,39.91285400,-80.43423600
Windber,11942,40.23979800,-78.83502200
Windsor,4842,39.91621000,-76.58441000
Winfield,2700,40.90925100,-76.85524400
Witmer,0,40.04815300,-76.21134400
Womelsdorf,5054,40.36175900,-76.18411300
Wood,151,40.168577,-78.136439
Woodbury,1137,40.22646700,-78.36668000
Woodland,2236,40.99839000,-78.34140600
Woodlyn,4427,39.87740000,-75.34413900
Woodward,364,40.89868200,-77.35609400
Woolrich,0,41.19479200,-77.37636500
Worcester,0,40.20111100,-75.34694400
Worthington,3036,40.83756400,-79.63199200
Worthville,85,41.02450900,-79.13809200
Woxall,0,40.31065700,-75.44878800
Wrightsville,7054,40.02565300,-76.52996500
Wyalusing,4066,41.66813000,-76.26187800
Wyano,332,40.19729300,-79.69726400
Wycombe,370,40.28232900,-75.01878000
Wyncote,6499,40.09455400,-75.14878600
Wynnewood,13299,40.00277800,-75.27111100
Wyoming,7608,41.31174700,-75.83741700
Wysox,1468,41.77451900,-76.39938300
Yatesboro,429,40.80006400,-79.33420700
Yeagertown,1128,40.64312600,-77.58054900
York,152387,39.96259800,-76.72774500
York Haven,4992,40.11092700,-76.71580100
York New Salem,0,39.90148800,-76.78941500
York Springs,3690,40.00898200,-77.11553500
Youngstown,496,40.27979200,-79.36559100
Youngsville,3649,41.85228000,-79.31865900
Youngwood,4340,40.24034800,-79.57670600
Yukon,704,40.21257000,-79.68281900
Zelienople,6802,40.79450900,-80.13672700
Zieglerville,270,40.27845000,-75.48127000
Zion Grove,1040,40.90258600,-76.20854800
Zionhill,0,40.48426600,-75.39379100
Zionsville,2899,40.47982000,-75.50518300
Zullinger,0,39.77009300,-77.62971400